--
-- PostgreSQL database dump
--

-- Dumped from database version 17.2
-- Dumped by pg_dump version 17.2

SET statement_timeout = 0;
SET lock_timeout = 0;
SET idle_in_transaction_session_timeout = 0;
SET transaction_timeout = 0;
SET client_encoding = 'UTF8';
SET standard_conforming_strings = on;
SELECT pg_catalog.set_config('search_path', '', false);
SET check_function_bodies = false;
SET xmloption = content;
SET client_min_messages = warning;
SET row_security = off;

SET default_tablespace = '';

SET default_table_access_method = heap;

--
-- Name: account_emailaddress; Type: TABLE; Schema: public; Owner: postgres
--

CREATE TABLE public.account_emailaddress (
    id integer NOT NULL,
    email character varying(254) NOT NULL,
    verified boolean NOT NULL,
    "primary" boolean NOT NULL,
    user_id integer NOT NULL
);


ALTER TABLE public.account_emailaddress OWNER TO postgres;

--
-- Name: account_emailaddress_id_seq; Type: SEQUENCE; Schema: public; Owner: postgres
--

ALTER TABLE public.account_emailaddress ALTER COLUMN id ADD GENERATED BY DEFAULT AS IDENTITY (
    SEQUENCE NAME public.account_emailaddress_id_seq
    START WITH 1
    INCREMENT BY 1
    NO MINVALUE
    NO MAXVALUE
    CACHE 1
);


--
-- Name: account_emailconfirmation; Type: TABLE; Schema: public; Owner: postgres
--

CREATE TABLE public.account_emailconfirmation (
    id integer NOT NULL,
    created timestamp with time zone NOT NULL,
    sent timestamp with time zone,
    key character varying(64) NOT NULL,
    email_address_id integer NOT NULL
);


ALTER TABLE public.account_emailconfirmation OWNER TO postgres;

--
-- Name: account_emailconfirmation_id_seq; Type: SEQUENCE; Schema: public; Owner: postgres
--

ALTER TABLE public.account_emailconfirmation ALTER COLUMN id ADD GENERATED BY DEFAULT AS IDENTITY (
    SEQUENCE NAME public.account_emailconfirmation_id_seq
    START WITH 1
    INCREMENT BY 1
    NO MINVALUE
    NO MAXVALUE
    CACHE 1
);


--
-- Name: auth_group; Type: TABLE; Schema: public; Owner: postgres
--

CREATE TABLE public.auth_group (
    id integer NOT NULL,
    name character varying(150) NOT NULL
);


ALTER TABLE public.auth_group OWNER TO postgres;

--
-- Name: auth_group_id_seq; Type: SEQUENCE; Schema: public; Owner: postgres
--

ALTER TABLE public.auth_group ALTER COLUMN id ADD GENERATED BY DEFAULT AS IDENTITY (
    SEQUENCE NAME public.auth_group_id_seq
    START WITH 1
    INCREMENT BY 1
    NO MINVALUE
    NO MAXVALUE
    CACHE 1
);


--
-- Name: auth_group_permissions; Type: TABLE; Schema: public; Owner: postgres
--

CREATE TABLE public.auth_group_permissions (
    id bigint NOT NULL,
    group_id integer NOT NULL,
    permission_id integer NOT NULL
);


ALTER TABLE public.auth_group_permissions OWNER TO postgres;

--
-- Name: auth_group_permissions_id_seq; Type: SEQUENCE; Schema: public; Owner: postgres
--

ALTER TABLE public.auth_group_permissions ALTER COLUMN id ADD GENERATED BY DEFAULT AS IDENTITY (
    SEQUENCE NAME public.auth_group_permissions_id_seq
    START WITH 1
    INCREMENT BY 1
    NO MINVALUE
    NO MAXVALUE
    CACHE 1
);


--
-- Name: auth_permission; Type: TABLE; Schema: public; Owner: postgres
--

CREATE TABLE public.auth_permission (
    id integer NOT NULL,
    name character varying(255) NOT NULL,
    content_type_id integer NOT NULL,
    codename character varying(100) NOT NULL
);


ALTER TABLE public.auth_permission OWNER TO postgres;

--
-- Name: auth_permission_id_seq; Type: SEQUENCE; Schema: public; Owner: postgres
--

ALTER TABLE public.auth_permission ALTER COLUMN id ADD GENERATED BY DEFAULT AS IDENTITY (
    SEQUENCE NAME public.auth_permission_id_seq
    START WITH 1
    INCREMENT BY 1
    NO MINVALUE
    NO MAXVALUE
    CACHE 1
);


--
-- Name: auth_user; Type: TABLE; Schema: public; Owner: postgres
--

CREATE TABLE public.auth_user (
    id integer NOT NULL,
    password character varying(128) NOT NULL,
    last_login timestamp with time zone,
    is_superuser boolean NOT NULL,
    username character varying(150) NOT NULL,
    first_name character varying(150) NOT NULL,
    last_name character varying(150) NOT NULL,
    email character varying(254) NOT NULL,
    is_staff boolean NOT NULL,
    is_active boolean NOT NULL,
    date_joined timestamp with time zone NOT NULL
);


ALTER TABLE public.auth_user OWNER TO postgres;

--
-- Name: auth_user_groups; Type: TABLE; Schema: public; Owner: postgres
--

CREATE TABLE public.auth_user_groups (
    id bigint NOT NULL,
    user_id integer NOT NULL,
    group_id integer NOT NULL
);


ALTER TABLE public.auth_user_groups OWNER TO postgres;

--
-- Name: auth_user_groups_id_seq; Type: SEQUENCE; Schema: public; Owner: postgres
--

ALTER TABLE public.auth_user_groups ALTER COLUMN id ADD GENERATED BY DEFAULT AS IDENTITY (
    SEQUENCE NAME public.auth_user_groups_id_seq
    START WITH 1
    INCREMENT BY 1
    NO MINVALUE
    NO MAXVALUE
    CACHE 1
);


--
-- Name: auth_user_id_seq; Type: SEQUENCE; Schema: public; Owner: postgres
--

ALTER TABLE public.auth_user ALTER COLUMN id ADD GENERATED BY DEFAULT AS IDENTITY (
    SEQUENCE NAME public.auth_user_id_seq
    START WITH 1
    INCREMENT BY 1
    NO MINVALUE
    NO MAXVALUE
    CACHE 1
);


--
-- Name: auth_user_user_permissions; Type: TABLE; Schema: public; Owner: postgres
--

CREATE TABLE public.auth_user_user_permissions (
    id bigint NOT NULL,
    user_id integer NOT NULL,
    permission_id integer NOT NULL
);


ALTER TABLE public.auth_user_user_permissions OWNER TO postgres;

--
-- Name: auth_user_user_permissions_id_seq; Type: SEQUENCE; Schema: public; Owner: postgres
--

ALTER TABLE public.auth_user_user_permissions ALTER COLUMN id ADD GENERATED BY DEFAULT AS IDENTITY (
    SEQUENCE NAME public.auth_user_user_permissions_id_seq
    START WITH 1
    INCREMENT BY 1
    NO MINVALUE
    NO MAXVALUE
    CACHE 1
);


--
-- Name: django_admin_log; Type: TABLE; Schema: public; Owner: postgres
--

CREATE TABLE public.django_admin_log (
    id integer NOT NULL,
    action_time timestamp with time zone NOT NULL,
    object_id text,
    object_repr character varying(200) NOT NULL,
    action_flag smallint NOT NULL,
    change_message text NOT NULL,
    content_type_id integer,
    user_id integer NOT NULL,
    CONSTRAINT django_admin_log_action_flag_check CHECK ((action_flag >= 0))
);


ALTER TABLE public.django_admin_log OWNER TO postgres;

--
-- Name: django_admin_log_id_seq; Type: SEQUENCE; Schema: public; Owner: postgres
--

ALTER TABLE public.django_admin_log ALTER COLUMN id ADD GENERATED BY DEFAULT AS IDENTITY (
    SEQUENCE NAME public.django_admin_log_id_seq
    START WITH 1
    INCREMENT BY 1
    NO MINVALUE
    NO MAXVALUE
    CACHE 1
);


--
-- Name: django_content_type; Type: TABLE; Schema: public; Owner: postgres
--

CREATE TABLE public.django_content_type (
    id integer NOT NULL,
    app_label character varying(100) NOT NULL,
    model character varying(100) NOT NULL
);


ALTER TABLE public.django_content_type OWNER TO postgres;

--
-- Name: django_content_type_id_seq; Type: SEQUENCE; Schema: public; Owner: postgres
--

ALTER TABLE public.django_content_type ALTER COLUMN id ADD GENERATED BY DEFAULT AS IDENTITY (
    SEQUENCE NAME public.django_content_type_id_seq
    START WITH 1
    INCREMENT BY 1
    NO MINVALUE
    NO MAXVALUE
    CACHE 1
);


--
-- Name: django_migrations; Type: TABLE; Schema: public; Owner: postgres
--

CREATE TABLE public.django_migrations (
    id bigint NOT NULL,
    app character varying(255) NOT NULL,
    name character varying(255) NOT NULL,
    applied timestamp with time zone NOT NULL
);


ALTER TABLE public.django_migrations OWNER TO postgres;

--
-- Name: django_migrations_id_seq; Type: SEQUENCE; Schema: public; Owner: postgres
--

ALTER TABLE public.django_migrations ALTER COLUMN id ADD GENERATED BY DEFAULT AS IDENTITY (
    SEQUENCE NAME public.django_migrations_id_seq
    START WITH 1
    INCREMENT BY 1
    NO MINVALUE
    NO MAXVALUE
    CACHE 1
);


--
-- Name: django_session; Type: TABLE; Schema: public; Owner: postgres
--

CREATE TABLE public.django_session (
    session_key character varying(40) NOT NULL,
    session_data text NOT NULL,
    expire_date timestamp with time zone NOT NULL
);


ALTER TABLE public.django_session OWNER TO postgres;

--
-- Name: django_site; Type: TABLE; Schema: public; Owner: postgres
--

CREATE TABLE public.django_site (
    id integer NOT NULL,
    domain character varying(100) NOT NULL,
    name character varying(50) NOT NULL
);


ALTER TABLE public.django_site OWNER TO postgres;

--
-- Name: django_site_id_seq; Type: SEQUENCE; Schema: public; Owner: postgres
--

ALTER TABLE public.django_site ALTER COLUMN id ADD GENERATED BY DEFAULT AS IDENTITY (
    SEQUENCE NAME public.django_site_id_seq
    START WITH 1
    INCREMENT BY 1
    NO MINVALUE
    NO MAXVALUE
    CACHE 1
);


--
-- Name: products_category; Type: TABLE; Schema: public; Owner: postgres
--

CREATE TABLE public.products_category (
    id bigint NOT NULL,
    name character varying(100) NOT NULL
);


ALTER TABLE public.products_category OWNER TO postgres;

--
-- Name: products_category_id_seq; Type: SEQUENCE; Schema: public; Owner: postgres
--

ALTER TABLE public.products_category ALTER COLUMN id ADD GENERATED BY DEFAULT AS IDENTITY (
    SEQUENCE NAME public.products_category_id_seq
    START WITH 1
    INCREMENT BY 1
    NO MINVALUE
    NO MAXVALUE
    CACHE 1
);


--
-- Name: products_product; Type: TABLE; Schema: public; Owner: postgres
--

CREATE TABLE public.products_product (
    id bigint NOT NULL,
    name character varying(200) NOT NULL,
    description text NOT NULL,
    price numeric(6,2) NOT NULL,
    stock integer NOT NULL,
    size character varying(50),
    color character varying(50) NOT NULL,
    image character varying(100),
    category_id bigint
);


ALTER TABLE public.products_product OWNER TO postgres;

--
-- Name: products_product_id_seq; Type: SEQUENCE; Schema: public; Owner: postgres
--

ALTER TABLE public.products_product ALTER COLUMN id ADD GENERATED BY DEFAULT AS IDENTITY (
    SEQUENCE NAME public.products_product_id_seq
    START WITH 1
    INCREMENT BY 1
    NO MINVALUE
    NO MAXVALUE
    CACHE 1
);


--
-- Name: socialaccount_socialaccount; Type: TABLE; Schema: public; Owner: postgres
--

CREATE TABLE public.socialaccount_socialaccount (
    id integer NOT NULL,
    provider character varying(200) NOT NULL,
    uid character varying(191) NOT NULL,
    last_login timestamp with time zone NOT NULL,
    date_joined timestamp with time zone NOT NULL,
    extra_data jsonb NOT NULL,
    user_id integer NOT NULL
);


ALTER TABLE public.socialaccount_socialaccount OWNER TO postgres;

--
-- Name: socialaccount_socialaccount_id_seq; Type: SEQUENCE; Schema: public; Owner: postgres
--

ALTER TABLE public.socialaccount_socialaccount ALTER COLUMN id ADD GENERATED BY DEFAULT AS IDENTITY (
    SEQUENCE NAME public.socialaccount_socialaccount_id_seq
    START WITH 1
    INCREMENT BY 1
    NO MINVALUE
    NO MAXVALUE
    CACHE 1
);


--
-- Name: socialaccount_socialapp; Type: TABLE; Schema: public; Owner: postgres
--

CREATE TABLE public.socialaccount_socialapp (
    id integer NOT NULL,
    provider character varying(30) NOT NULL,
    name character varying(40) NOT NULL,
    client_id character varying(191) NOT NULL,
    secret character varying(191) NOT NULL,
    key character varying(191) NOT NULL,
    provider_id character varying(200) NOT NULL,
    settings jsonb NOT NULL
);


ALTER TABLE public.socialaccount_socialapp OWNER TO postgres;

--
-- Name: socialaccount_socialapp_id_seq; Type: SEQUENCE; Schema: public; Owner: postgres
--

ALTER TABLE public.socialaccount_socialapp ALTER COLUMN id ADD GENERATED BY DEFAULT AS IDENTITY (
    SEQUENCE NAME public.socialaccount_socialapp_id_seq
    START WITH 1
    INCREMENT BY 1
    NO MINVALUE
    NO MAXVALUE
    CACHE 1
);


--
-- Name: socialaccount_socialapp_sites; Type: TABLE; Schema: public; Owner: postgres
--

CREATE TABLE public.socialaccount_socialapp_sites (
    id bigint NOT NULL,
    socialapp_id integer NOT NULL,
    site_id integer NOT NULL
);


ALTER TABLE public.socialaccount_socialapp_sites OWNER TO postgres;

--
-- Name: socialaccount_socialapp_sites_id_seq; Type: SEQUENCE; Schema: public; Owner: postgres
--

ALTER TABLE public.socialaccount_socialapp_sites ALTER COLUMN id ADD GENERATED BY DEFAULT AS IDENTITY (
    SEQUENCE NAME public.socialaccount_socialapp_sites_id_seq
    START WITH 1
    INCREMENT BY 1
    NO MINVALUE
    NO MAXVALUE
    CACHE 1
);


--
-- Name: socialaccount_socialtoken; Type: TABLE; Schema: public; Owner: postgres
--

CREATE TABLE public.socialaccount_socialtoken (
    id integer NOT NULL,
    token text NOT NULL,
    token_secret text NOT NULL,
    expires_at timestamp with time zone,
    account_id integer NOT NULL,
    app_id integer
);


ALTER TABLE public.socialaccount_socialtoken OWNER TO postgres;

--
-- Name: socialaccount_socialtoken_id_seq; Type: SEQUENCE; Schema: public; Owner: postgres
--

ALTER TABLE public.socialaccount_socialtoken ALTER COLUMN id ADD GENERATED BY DEFAULT AS IDENTITY (
    SEQUENCE NAME public.socialaccount_socialtoken_id_seq
    START WITH 1
    INCREMENT BY 1
    NO MINVALUE
    NO MAXVALUE
    CACHE 1
);


--
-- Name: users_userprofile; Type: TABLE; Schema: public; Owner: postgres
--

CREATE TABLE public.users_userprofile (
    id bigint NOT NULL,
    default_phone_number character varying(20),
    default_street_address1 character varying(80),
    default_street_address2 character varying(80),
    default_town_or_city character varying(40),
    default_postcode character varying(20),
    default_country character varying(40),
    default_county character varying(80),
    user_id integer NOT NULL
);


ALTER TABLE public.users_userprofile OWNER TO postgres;

--
-- Name: users_userprofile_id_seq; Type: SEQUENCE; Schema: public; Owner: postgres
--

ALTER TABLE public.users_userprofile ALTER COLUMN id ADD GENERATED BY DEFAULT AS IDENTITY (
    SEQUENCE NAME public.users_userprofile_id_seq
    START WITH 1
    INCREMENT BY 1
    NO MINVALUE
    NO MAXVALUE
    CACHE 1
);


--
-- Data for Name: account_emailaddress; Type: TABLE DATA; Schema: public; Owner: postgres
--

COPY public.account_emailaddress (id, email, verified, "primary", user_id) FROM stdin;
1	ejample@me.com	f	t	2
\.


--
-- Data for Name: account_emailconfirmation; Type: TABLE DATA; Schema: public; Owner: postgres
--

COPY public.account_emailconfirmation (id, created, sent, key, email_address_id) FROM stdin;
\.


--
-- Data for Name: auth_group; Type: TABLE DATA; Schema: public; Owner: postgres
--

COPY public.auth_group (id, name) FROM stdin;
\.


--
-- Data for Name: auth_group_permissions; Type: TABLE DATA; Schema: public; Owner: postgres
--

COPY public.auth_group_permissions (id, group_id, permission_id) FROM stdin;
\.


--
-- Data for Name: auth_permission; Type: TABLE DATA; Schema: public; Owner: postgres
--

COPY public.auth_permission (id, name, content_type_id, codename) FROM stdin;
1	Can add log entry	1	add_logentry
2	Can change log entry	1	change_logentry
3	Can delete log entry	1	delete_logentry
4	Can view log entry	1	view_logentry
5	Can add permission	2	add_permission
6	Can change permission	2	change_permission
7	Can delete permission	2	delete_permission
8	Can view permission	2	view_permission
9	Can add group	3	add_group
10	Can change group	3	change_group
11	Can delete group	3	delete_group
12	Can view group	3	view_group
13	Can add user	4	add_user
14	Can change user	4	change_user
15	Can delete user	4	delete_user
16	Can view user	4	view_user
17	Can add content type	5	add_contenttype
18	Can change content type	5	change_contenttype
19	Can delete content type	5	delete_contenttype
20	Can view content type	5	view_contenttype
21	Can add session	6	add_session
22	Can change session	6	change_session
23	Can delete session	6	delete_session
24	Can view session	6	view_session
25	Can add site	7	add_site
26	Can change site	7	change_site
27	Can delete site	7	delete_site
28	Can view site	7	view_site
29	Can add email address	8	add_emailaddress
30	Can change email address	8	change_emailaddress
31	Can delete email address	8	delete_emailaddress
32	Can view email address	8	view_emailaddress
33	Can add email confirmation	9	add_emailconfirmation
34	Can change email confirmation	9	change_emailconfirmation
35	Can delete email confirmation	9	delete_emailconfirmation
36	Can view email confirmation	9	view_emailconfirmation
37	Can add social account	10	add_socialaccount
38	Can change social account	10	change_socialaccount
39	Can delete social account	10	delete_socialaccount
40	Can view social account	10	view_socialaccount
41	Can add social application	11	add_socialapp
42	Can change social application	11	change_socialapp
43	Can delete social application	11	delete_socialapp
44	Can view social application	11	view_socialapp
45	Can add social application token	12	add_socialtoken
46	Can change social application token	12	change_socialtoken
47	Can delete social application token	12	delete_socialtoken
48	Can view social application token	12	view_socialtoken
49	Can add category	13	add_category
50	Can change category	13	change_category
51	Can delete category	13	delete_category
52	Can view category	13	view_category
53	Can add product	14	add_product
54	Can change product	14	change_product
55	Can delete product	14	delete_product
56	Can view product	14	view_product
57	Can add user profile	15	add_userprofile
58	Can change user profile	15	change_userprofile
59	Can delete user profile	15	delete_userprofile
60	Can view user profile	15	view_userprofile
61	Can add order line item	16	add_orderlineitem
62	Can change order line item	16	change_orderlineitem
63	Can delete order line item	16	delete_orderlineitem
64	Can view order line item	16	view_orderlineitem
65	Can add order	17	add_order
66	Can change order	17	change_order
67	Can delete order	17	delete_order
68	Can view order	17	view_order
\.


--
-- Data for Name: auth_user; Type: TABLE DATA; Schema: public; Owner: postgres
--

COPY public.auth_user (id, password, last_login, is_superuser, username, first_name, last_name, email, is_staff, is_active, date_joined) FROM stdin;
1	pbkdf2_sha256$1000000$37eft8JdFtX3OiB8ztGtLP$R2i9eh2lBpgqV8CKAyIfHTEmiOTVzCYep4PATzVVj/8=	2025-06-27 00:50:55.368015+01	t	Toni				t	t	2025-06-07 15:17:12.68031+01
2	pbkdf2_sha256$1000000$IOFZMca5ncIHF5cwQQUJdV$65d2YMFUB76BBnPxajbiZDsJLvY8Rsdu7MkugYg3sQ0=	2025-06-27 18:09:57.040977+01	f	Ejample	Ejample	Ejample	ejample@me.com	f	t	2025-06-18 15:24:10.260806+01
\.


--
-- Data for Name: auth_user_groups; Type: TABLE DATA; Schema: public; Owner: postgres
--

COPY public.auth_user_groups (id, user_id, group_id) FROM stdin;
\.


--
-- Data for Name: auth_user_user_permissions; Type: TABLE DATA; Schema: public; Owner: postgres
--

COPY public.auth_user_user_permissions (id, user_id, permission_id) FROM stdin;
\.


--
-- Data for Name: django_admin_log; Type: TABLE DATA; Schema: public; Owner: postgres
--

COPY public.django_admin_log (id, action_time, object_id, object_repr, action_flag, change_message, content_type_id, user_id) FROM stdin;
1	2025-06-07 15:35:51.034492+01	1	T-Shirts	1	[{"added": {}}]	13	1
2	2025-06-07 15:36:01.246513+01	1	White T-Shirt	1	[{"added": {}}]	14	1
3	2025-06-07 15:37:00.852514+01	1	White T-Shirt	2	[{"changed": {"fields": ["Image"]}}]	14	1
4	2025-06-08 17:12:40.642248+01	34	Eco Cotton Tee	2	[{"changed": {"fields": ["Image"]}}]	14	1
5	2025-06-08 17:13:00.509031+01	33	Oversized Graphic Tee	2	[{"changed": {"fields": ["Image"]}}]	14	1
6	2025-06-08 17:14:30.088313+01	32	Black Pixel Logo Tee	2	[{"changed": {"fields": ["Image"]}}]	14	1
7	2025-06-08 17:14:49.14424+01	31	Classic White T-Shirt	2	[{"changed": {"fields": ["Image"]}}]	14	1
8	2025-06-08 17:15:06.489589+01	1	White T-Shirt	3		14	1
9	2025-06-08 17:15:44.223149+01	26	Lightweight Bomber	2	[{"changed": {"fields": ["Image"]}}]	14	1
10	2025-06-08 17:16:00.358988+01	25	Puffer Winter Jacket	2	[{"changed": {"fields": ["Image"]}}]	14	1
11	2025-06-08 17:16:39.217065+01	24	Pixel Denim Jacket	2	[{"changed": {"fields": ["Image"]}}]	14	1
12	2025-06-08 17:17:03.117501+01	23	Windbreaker Jacket	2	[{"changed": {"fields": ["Image"]}}]	14	1
13	2025-06-08 17:18:54.468467+01	10	Phone Case	2	[{"changed": {"fields": ["Image"]}}]	14	1
14	2025-06-08 17:19:12.58032+01	9	Canvas Tote Bag	2	[{"changed": {"fields": ["Image"]}}]	14	1
15	2025-06-08 17:19:29.18177+01	8	Cotton Beanie	2	[{"changed": {"fields": ["Image"]}}]	14	1
16	2025-06-08 17:19:48.348944+01	7	Pixel Cap	2	[{"changed": {"fields": ["Image"]}}]	14	1
17	2025-06-08 17:20:19.115632+01	6	Formal Trousers	2	[{"changed": {"fields": ["Image"]}}]	14	1
18	2025-06-08 17:20:35.418107+01	5	Cargo Pants	2	[{"changed": {"fields": ["Image"]}}]	14	1
19	2025-06-08 17:21:19.700677+01	4	Jogger Pants	2	[{"changed": {"fields": ["Image"]}}]	14	1
20	2025-06-08 17:21:30.198951+01	3	Classic Denim Jeans	2	[{"changed": {"fields": ["Image"]}}]	14	1
21	2025-06-08 17:21:40.415529+01	2	Slim Fit Chinos	2	[{"changed": {"fields": ["Image"]}}]	14	1
22	2025-06-08 17:34:28.578406+01	46	Pastel Color Hoodie	2	[{"changed": {"fields": ["Image"]}}]	14	1
23	2025-06-08 17:34:47.022952+01	45	Heavyweight Hoodie	2	[{"changed": {"fields": ["Image"]}}]	14	1
24	2025-06-08 17:34:52.20458+01	44	Minimalist Grey Hoodie	2	[]	14	1
25	2025-06-08 17:35:03.907468+01	44	Minimalist Grey Hoodie	2	[{"changed": {"fields": ["Image"]}}]	14	1
26	2025-06-08 17:35:17.313796+01	43	Pixel Zip Hoodie	2	[{"changed": {"fields": ["Image"]}}]	14	1
27	2025-06-12 01:05:50.563003+01	46	Pastel Color Hoodie	2	[{"changed": {"fields": ["Size"]}}]	14	1
28	2025-06-12 01:06:13.974514+01	45	Heavyweight Hoodie	2	[{"changed": {"fields": ["Size"]}}]	14	1
29	2025-06-12 01:06:22.575296+01	44	Minimalist Grey Hoodie	2	[{"changed": {"fields": ["Size"]}}]	14	1
30	2025-06-12 01:06:36.96329+01	43	Pixel Zip Hoodie	2	[{"changed": {"fields": ["Size"]}}]	14	1
31	2025-06-12 01:06:53.486716+01	34	Eco Cotton Tee	2	[{"changed": {"fields": ["Size"]}}]	14	1
32	2025-06-12 01:07:03.503045+01	33	Oversized Graphic Tee	2	[{"changed": {"fields": ["Size"]}}]	14	1
33	2025-06-12 01:07:10.864498+01	32	Black Pixel Logo Tee	2	[{"changed": {"fields": ["Size"]}}]	14	1
34	2025-06-12 01:07:24.247519+01	31	Classic White T-Shirt	2	[{"changed": {"fields": ["Size"]}}]	14	1
35	2025-06-12 01:07:45.029493+01	46	Pastel Color Hoodie	2	[{"changed": {"fields": ["Size"]}}]	14	1
36	2025-06-12 01:07:55.156716+01	45	Heavyweight Hoodie	2	[{"changed": {"fields": ["Size"]}}]	14	1
37	2025-06-12 01:08:07.187295+01	44	Minimalist Grey Hoodie	2	[{"changed": {"fields": ["Size"]}}]	14	1
38	2025-06-12 01:08:15.971508+01	43	Pixel Zip Hoodie	2	[{"changed": {"fields": ["Size"]}}]	14	1
39	2025-06-12 01:08:20.87539+01	43	Pixel Zip Hoodie	2	[]	14	1
40	2025-06-12 01:08:28.407106+01	34	Eco Cotton Tee	2	[{"changed": {"fields": ["Size"]}}]	14	1
41	2025-06-12 01:08:35.465298+01	33	Oversized Graphic Tee	2	[{"changed": {"fields": ["Size"]}}]	14	1
42	2025-06-12 01:08:39.995346+01	33	Oversized Graphic Tee	2	[]	14	1
43	2025-06-12 01:08:46.182492+01	32	Black Pixel Logo Tee	2	[{"changed": {"fields": ["Size"]}}]	14	1
44	2025-06-12 01:08:50.524083+01	32	Black Pixel Logo Tee	2	[]	14	1
45	2025-06-12 01:08:57.90737+01	31	Classic White T-Shirt	2	[{"changed": {"fields": ["Size"]}}]	14	1
46	2025-06-12 01:09:04.523625+01	31	Classic White T-Shirt	2	[]	14	1
47	2025-06-12 01:09:14.763003+01	26	Lightweight Bomber	2	[{"changed": {"fields": ["Size"]}}]	14	1
48	2025-06-12 01:09:20.154786+01	26	Lightweight Bomber	2	[]	14	1
49	2025-06-12 01:09:29.837168+01	25	Puffer Winter Jacket	2	[{"changed": {"fields": ["Size"]}}]	14	1
50	2025-06-12 01:09:34.850506+01	25	Puffer Winter Jacket	2	[]	14	1
51	2025-06-12 01:09:41.404037+01	24	Pixel Denim Jacket	2	[{"changed": {"fields": ["Size"]}}]	14	1
52	2025-06-12 01:09:46.2615+01	24	Pixel Denim Jacket	2	[]	14	1
53	2025-06-12 01:09:55.804208+01	23	Windbreaker Jacket	2	[{"changed": {"fields": ["Size"]}}]	14	1
54	2025-06-12 01:10:00.13973+01	24	Pixel Denim Jacket	2	[]	14	1
55	2025-06-12 01:10:04.167205+01	23	Windbreaker Jacket	2	[]	14	1
56	2025-06-12 01:10:15.407136+01	10	Phone Case	2	[{"changed": {"fields": ["Size"]}}]	14	1
57	2025-06-12 01:10:23.164178+01	23	Windbreaker Jacket	2	[]	14	1
58	2025-06-12 01:10:37.481862+01	10	Phone Case	2	[{"changed": {"fields": ["Size"]}}]	14	1
59	2025-06-12 01:10:46.176638+01	9	Canvas Tote Bag	2	[]	14	1
60	2025-06-12 01:10:52.597411+01	8	Cotton Beanie	2	[]	14	1
61	2025-06-12 01:11:00.743046+01	7	Pixel Cap	2	[]	14	1
62	2025-06-12 01:11:14.759395+01	6	Formal Trousers	2	[{"changed": {"fields": ["Size"]}}]	14	1
63	2025-06-12 01:11:32.604287+01	5	Cargo Pants	2	[{"changed": {"fields": ["Size"]}}]	14	1
64	2025-06-12 01:11:39.746761+01	5	Cargo Pants	2	[]	14	1
65	2025-06-12 01:11:54.175708+01	4	Jogger Pants	2	[{"changed": {"fields": ["Size"]}}]	14	1
66	2025-06-12 01:12:00.694661+01	3	Classic Denim Jeans	2	[]	14	1
67	2025-06-12 01:12:05.063484+01	2	Slim Fit Chinos	2	[]	14	1
68	2025-06-19 18:14:15.013967+01	10	Phone Case	2	[{"changed": {"fields": ["Category"]}}]	14	1
69	2025-06-19 18:14:33.610845+01	9	Canvas Tote Bag	2	[{"changed": {"fields": ["Category"]}}]	14	1
70	2025-06-19 18:16:18.848478+01	8	Cotton Beanie	2	[{"changed": {"fields": ["Category"]}}]	14	1
71	2025-06-19 18:16:34.057903+01	7	Pixel Cap	2	[{"changed": {"fields": ["Category"]}}]	14	1
72	2025-06-19 18:18:36.700632+01	2	Slim Fit Chinos	2	[{"changed": {"fields": ["Category"]}}]	14	1
73	2025-06-19 18:19:19.322612+01	3	Classic Denim Jeans	2	[{"changed": {"fields": ["Category"]}}]	14	1
74	2025-06-19 18:19:44.984789+01	5	Cargo Pants	2	[{"changed": {"fields": ["Category"]}}]	14	1
75	2025-06-19 18:20:03.225776+01	6	Formal Trousers	2	[{"changed": {"fields": ["Category"]}}]	14	1
76	2025-06-19 18:20:24.464316+01	4	Jogger Pants	2	[{"changed": {"fields": ["Category"]}}]	14	1
77	2025-06-19 18:22:58.006616+01	25	Puffer Winter Jacket	2	[{"changed": {"fields": ["Category"]}}]	14	1
78	2025-06-19 18:23:15.291695+01	23	Windbreaker Jacket	2	[{"changed": {"fields": ["Category"]}}]	14	1
79	2025-06-19 18:23:38.865685+01	24	Pixel Denim Jacket	2	[{"changed": {"fields": ["Category"]}}]	14	1
80	2025-06-19 18:23:55.177042+01	26	Lightweight Bomber	2	[{"changed": {"fields": ["Category"]}}]	14	1
81	2025-06-19 18:24:37.838021+01	46	Pastel Color Hoodie	2	[{"changed": {"fields": ["Category"]}}]	14	1
82	2025-06-19 18:24:46.32581+01	45	Heavyweight Hoodie	2	[{"changed": {"fields": ["Category"]}}]	14	1
83	2025-06-19 18:24:56.805281+01	44	Minimalist Grey Hoodie	2	[{"changed": {"fields": ["Category"]}}]	14	1
84	2025-06-19 18:25:45.48946+01	43	Pixel Zip Hoodie	2	[{"changed": {"fields": ["Category"]}}]	14	1
\.


--
-- Data for Name: django_content_type; Type: TABLE DATA; Schema: public; Owner: postgres
--

COPY public.django_content_type (id, app_label, model) FROM stdin;
1	admin	logentry
2	auth	permission
3	auth	group
4	auth	user
5	contenttypes	contenttype
6	sessions	session
7	sites	site
8	account	emailaddress
9	account	emailconfirmation
10	socialaccount	socialaccount
11	socialaccount	socialapp
12	socialaccount	socialtoken
13	products	category
14	products	product
15	users	userprofile
16	checkout	orderlineitem
17	checkout	order
\.


--
-- Data for Name: django_migrations; Type: TABLE DATA; Schema: public; Owner: postgres
--

COPY public.django_migrations (id, app, name, applied) FROM stdin;
1	contenttypes	0001_initial	2025-06-07 15:07:03.3271+01
2	auth	0001_initial	2025-06-07 15:07:03.392905+01
3	account	0001_initial	2025-06-07 15:07:03.419407+01
4	account	0002_email_max_length	2025-06-07 15:07:03.428018+01
5	account	0003_alter_emailaddress_create_unique_verified_email	2025-06-07 15:07:03.441073+01
6	account	0004_alter_emailaddress_drop_unique_email	2025-06-07 15:07:03.456036+01
7	account	0005_emailaddress_idx_upper_email	2025-06-07 15:07:03.467243+01
8	account	0006_emailaddress_lower	2025-06-07 15:07:03.477871+01
9	account	0007_emailaddress_idx_email	2025-06-07 15:07:03.493907+01
10	account	0008_emailaddress_unique_primary_email_fixup	2025-06-07 15:07:03.510779+01
11	account	0009_emailaddress_unique_primary_email	2025-06-07 15:07:03.52032+01
12	admin	0001_initial	2025-06-07 15:07:03.542068+01
13	admin	0002_logentry_remove_auto_add	2025-06-07 15:07:03.550185+01
14	admin	0003_logentry_add_action_flag_choices	2025-06-07 15:07:03.558342+01
15	contenttypes	0002_remove_content_type_name	2025-06-07 15:07:03.573202+01
16	auth	0002_alter_permission_name_max_length	2025-06-07 15:07:03.585188+01
17	auth	0003_alter_user_email_max_length	2025-06-07 15:07:03.593117+01
18	auth	0004_alter_user_username_opts	2025-06-07 15:07:03.601746+01
19	auth	0005_alter_user_last_login_null	2025-06-07 15:07:03.611755+01
20	auth	0006_require_contenttypes_0002	2025-06-07 15:07:03.613235+01
21	auth	0007_alter_validators_add_error_messages	2025-06-07 15:07:03.621263+01
22	auth	0008_alter_user_username_max_length	2025-06-07 15:07:03.635813+01
23	auth	0009_alter_user_last_name_max_length	2025-06-07 15:07:03.675363+01
24	auth	0010_alter_group_name_max_length	2025-06-07 15:07:03.689096+01
25	auth	0011_update_proxy_permissions	2025-06-07 15:07:03.699182+01
26	auth	0012_alter_user_first_name_max_length	2025-06-07 15:07:03.705615+01
27	products	0001_initial	2025-06-07 15:07:03.721956+01
28	products	0002_alter_category_options	2025-06-07 15:07:03.724403+01
29	sessions	0001_initial	2025-06-07 15:07:03.732292+01
30	sites	0001_initial	2025-06-07 15:07:03.736697+01
31	sites	0002_alter_domain_unique	2025-06-07 15:07:03.740152+01
32	socialaccount	0001_initial	2025-06-07 15:07:03.806128+01
33	socialaccount	0002_token_max_lengths	2025-06-07 15:07:03.825361+01
34	socialaccount	0003_extra_data_default_dict	2025-06-07 15:07:03.835823+01
35	socialaccount	0004_app_provider_id_settings	2025-06-07 15:07:03.853061+01
36	socialaccount	0005_socialtoken_nullable_app	2025-06-07 15:07:03.868921+01
37	socialaccount	0006_alter_socialaccount_extra_data	2025-06-07 15:07:03.884678+01
38	products	0003_alter_product_size	2025-06-08 16:55:55.446921+01
39	products	0004_alter_product_size	2025-06-10 23:37:32.015615+01
40	products	0005_product_custom_id	2025-06-15 17:55:01.434159+01
41	products	0006_alter_product_custom_id	2025-06-15 17:55:01.500719+01
42	products	0007_remove_product_custom_id	2025-06-15 17:55:01.517979+01
43	users	0001_initial	2025-06-15 17:55:01.575094+01
46	products	0008_alter_product_stock	2025-06-28 19:43:55.544345+01
\.


--
-- Data for Name: django_session; Type: TABLE DATA; Schema: public; Owner: postgres
--

COPY public.django_session (session_key, session_data, expire_date) FROM stdin;
b6fo9q5ell4645t6orhxbo0culrw2sbo	.eJxVjMsOgyAUBf-FtSGA8tBl9_0GcoFrpW3AgCZtjP_emrhot2fmzEYsrMtk14rFxkAGwknzuznwD0wHCHdIt0x9TkuJjh4KPWml1xzweTndv8AEdfq-EaTRJkDou-CwlSB676RDNhquRwkSWqUYZwJayXQvOAMmlHGd0kIG745oxVpjThZfcyxvMrCGeCgLGbZ9_wAUk0IY:1uUwNb:EbxTmuiq_Xf0QCKoB9UCY5gf-1vzGZvJXsOs-pxpPPY	2025-07-11 00:51:43.54882+01
p3lgl6vj2d7ifl8gcdbxobqycuc7ulha	.eJxVjMsOgyAUBf-FtSGA8tBl9_0GcoFrpW3AgCZtjP_emrhot2fmzEYsrMtk14rFxkAGwknzuznwD0wHCHdIt0x9TkuJjh4KPWml1xzweTndv8AEdfq-EaTRJkDou-CwlSB676RDNhquRwkSWqUYZwJayXQvOAMmlHGd0kIG745oxVpjThZfcyxvMrCGeCgLGbZ9_wAUk0IY:1uUU7K:UTcJcp43b2ImX9E98LDLNM9DKrdNH8xx_2A_X0YGlRo	2025-07-09 18:41:02.595031+01
1st7rx8srvcp49aoe140j8gmmu1if42o	.eJxVjMsOwiAQRf-FtSEDLY926d5vIANMLWrAQJtojP-uTbrQ7T3nnhdzuC6zWxtVlyIbmWCH381juFLeQLxgPhceSl5q8nxT-E4bP5VIt-Pu_gVmbPP3TaissRHj0EdPnUI5BK88wWSFmRQq7LQGARI7BWaQAhCktr7XRqoY_BZt1Foq2dHjnuqTjfD-AJHCPsw:1uUrmJ:PhZ9Z6wJivY7mYy-tiRnS_g7yyQ9heROwA5gLK8C6OU	2025-07-10 19:56:55.108656+01
f4pkmmslz5vsmz9z1e5v6rf51yjes6dw	.eJxVkMtuhTAMRP_Fa4RCHhjY9f5Cl1WFTBwKLS-RoLZC_HvJLRt21sz4aOwdyNp5m0JNW-jcFHpLoZ-nenShm9lD9bbD_wwVLOT997wyJEABqgxNJrTOSkyFRFVqk8Dm3TrR6M60-6RxGRwc7wk88XU06z6SJNy0huyXm6JBwxDl9KqVPjOX7dOXW8nHtXVDdeS7k4Ol4rKVqkDJyhTMJudcE2qjhDDYsmrKxghlrDJsWtKIhWYnMWerkUWEeud9_IX7Wfr1FyqRgKX1PHw_Emjo4xxAqvoVKnUcf4CibJs:1uVEZL:kwBV7-iik4MhOusyQpvU8oR0exI7WQxzLayjyADZt5E	2025-07-11 20:17:03.707167+01
7w579r83fh19osffz8nj20o0at3k5xjl	.eJxVjMsOgyAUBf-FtSGA8tBl9_0GcoFrpW3AgCZtjP_emrhot2fmzEYsrMtk14rFxkAGwknzuznwD0wHCHdIt0x9TkuJjh4KPWml1xzweTndv8AEdfq-EaTRJkDou-CwlSB676RDNhquRwkSWqUYZwJayXQvOAMmlHGd0kIG745oxVpjThZfcyxvMrCGeCgLGbZ9_wAUk0IY:1uS1wN:TLrgESIPTjhJO2Z9kLyJFKpJbrX-TGZP3gHr9701KRI	2025-07-03 00:11:35.734325+01
d3v669i4ov5jjv7lzhsvej59jgxx467s	eyJiYWciOnsiNF9TIjoxfX0:1uQSAq:orWMfBJu-LSiccM23q9QDuzD_UKHiE1Xwm3WcrEK_0M	2025-06-28 15:48:00.082248+01
zaycfzyz5mv9gfmwjpzddfd0al6qvb56	.eJxVj7FuxCAQRP9la8sC2xhMmf6qpIsitMDemSQHJ4OVRJb_PSa55rrRztsnzQboXFpjMbiWmWIJDktI0VypzMln0K8b_GfQcMOcv9LioQEsoLkUjKth6odW8WGSQjawZloiXumgX1IMsL818Oc2tTGhajg83Cy6D4q18O8YL6l1KZYl2LYi7b3N7Sl5-ny6sw-CGfN8fBMKJZVHPw3eUi-wm5wVlthZcXkWKLAfR8ZZh71gcuo4Q9aNyg6j7IR3tkoz5Vzn0_ctLD-gWQMWL6A36M3zsbgBzu5BmhPocd9_AavEZ4Q:1uRb4Z:0EDrHPlBeh-6ltnCHN62oc8z038pi2gStmBwHsHg3dE	2025-07-01 19:30:15.79632+01
9fj7fa7flpzwq76yc6jo33ca7n99kuu4	.eJxVjU0KgzAQhe-StUhIMo66ay8SxkzEUInFJNAi3r1aXLTL9_e9TVgqebIl-dUGFr1Qovr1BnIPH8-A5vm0a3JuKTHX384Vp_p2KB9zcJTDEu_X6g81UZoODnaau1HpFhVraJmh4cYQGtBSAo6sh24AqcFpYBjJILaGvcKGnUGWJzT5lI4b61_PsL5FLyvhaM2i3_b9AzihRio:1uSeot:8IY691gER14bbtpj-aTLhmvcl3BVcJqtkvKygSA260M	2025-07-04 17:42:27.381628+01
bxr5qzsqxaerba6tnwl93wnrp0zk9wdk	.eJxVjU0KgzAQhe-StUhIMo66ay8SxkzEUInFJNAi3r1aXLTL9_e9TVgqebIl-dUGFr1Qovr1BnIPH8-A5vm0a3JuKTHX384Vp_p2KB9zcJTDEu_X6g81UZoODnaau1HpFhVraJmh4cYQGtBSAo6sh24AqcFpYBjJILaGvcKGnUGWJzT5lI4b61_PsL5FLyvhaM2i3_b9AzihRio:1uTNaT:aQ1fSx--ThI0eb109fbhuebMOC-h47ulhyKphudVU98	2025-07-06 17:30:33.870258+01
\.


--
-- Data for Name: django_site; Type: TABLE DATA; Schema: public; Owner: postgres
--

COPY public.django_site (id, domain, name) FROM stdin;
1	example.com	example.com
\.


--
-- Data for Name: products_category; Type: TABLE DATA; Schema: public; Owner: postgres
--

COPY public.products_category (id, name) FROM stdin;
1	T-Shirts
3	Hoodies
4	Jackets
5	Accessories
6	Trousers
\.


--
-- Data for Name: products_product; Type: TABLE DATA; Schema: public; Owner: postgres
--

COPY public.products_product (id, name, description, price, stock, size, color, image, category_id) FROM stdin;
8	Cotton Beanie	Warm cotton beanie for winter	11.99	30	One Size	Grey	product_images/Cotton-Beanie.jpg	5
7	Pixel Cap	Cap with embroidered Pixel logo	14.99	40	One Size	Black	product_images/Cap.jpg	5
2	Slim Fit Chinos	Comfortable and stylish chinos for everyday wear	35.99	30	S, M, L, XL	Beige	product_images/Fit_Chinos.jpg	6
34	Eco Cotton Tee	Eco-friendly cotton t-shirt	17.99	20	S, M, L, XL	Beige	product_images/cotton-t-shirt.jpg	1
10	Phone Case	Stylish phone case with Pixel design	9.99	50	none size	Mixed	product_images/Phone-Case.jpg	5
3	Classic Denim Jeans	Durable blue jeans with a modern cut	39.99	25	S, M, L, XL	Blue	product_images/Classic-Jeans.jpg	6
5	Cargo Pants	Utility trousers with multiple pockets	42.99	20	S, M, L, XL	Khaki	product_images/cargo_pants.jpg	6
33	Oversized Graphic Tee	Modern oversized tee with graphic print	22.99	30	S, M, L, XL	Mixed	product_images/stamp-t-shirt.jpg	1
6	Formal Trousers	Elegant trousers for office or events	49.99	15	S, M, L, XL	Grey	product_images/Formal-Trousers.jpg	6
32	Black Pixel Logo Tee	Black t-shirt with Pixel logo on chest	19.99	40	S, M, L, XL	Black	product_images/back-t-shirt.jpg	1
4	Jogger Pants	Casual joggers, perfect for relaxed days	29.99	40	S, M, L, XL	Black	product_images/Jogger-Pants.jpg	6
31	Classic White T-Shirt	Basic white cotton t-shirt	15.99	50	S, M, L, XL	White	product_images/White-T-Shirt_QXf0yAv.jpg	1
25	Puffer Winter Jacket	Warm padded winter jacket	59.99	15	S, M, L, XL	Black	product_images/Puffer-Winter-Jacket.jpg	4
23	Windbreaker Jacket	Modern lightweight windbreaker	39.99	25	S, M, L, XL	Blue	product_images/Windbreaker-Jacket.jpg	4
24	Pixel Denim Jacket	Stylish denim jacket with Pixel logo	44.99	20	S, M, L, XL	Denim Blue	product_images/Denim-Jacket.jpg	4
9	Canvas Tote Bag	Reusable canvas tote bag	16.99	25	One Size	Natural	product_images/Tote-Bag.jpg	5
26	Lightweight Bomber	Light bomber jacket for spring	42.99	18	S, M, L, XL	Green	product_images/Lightweight-Bomber.jpg	4
46	Pastel Color Hoodie	Soft hoodie in pastel tones	31.99	25	S, M, L, XL	Pastel Pink	product_images/Pastel-Hoodie.jpg	3
45	Heavyweight Hoodie	Winter-ready heavyweight hoodie	34.99	20	S, M, L, XL	Navy	product_images/Heavyweight-Hoodie.jpg	3
44	Minimalist Grey Hoodie	Basic grey hoodie with clean design	27.99	30	S, M, L, XL	Grey	product_images/Grey-Hoodie.jpg	3
43	Pixel Zip Hoodie	Zipper hoodie with Pixel branding	29.99	35	S, M, L, XL	Black	product_images/Zip-Hoodie.jpg	3
\.


--
-- Data for Name: socialaccount_socialaccount; Type: TABLE DATA; Schema: public; Owner: postgres
--

COPY public.socialaccount_socialaccount (id, provider, uid, last_login, date_joined, extra_data, user_id) FROM stdin;
\.


--
-- Data for Name: socialaccount_socialapp; Type: TABLE DATA; Schema: public; Owner: postgres
--

COPY public.socialaccount_socialapp (id, provider, name, client_id, secret, key, provider_id, settings) FROM stdin;
\.


--
-- Data for Name: socialaccount_socialapp_sites; Type: TABLE DATA; Schema: public; Owner: postgres
--

COPY public.socialaccount_socialapp_sites (id, socialapp_id, site_id) FROM stdin;
\.


--
-- Data for Name: socialaccount_socialtoken; Type: TABLE DATA; Schema: public; Owner: postgres
--

COPY public.socialaccount_socialtoken (id, token, token_secret, expires_at, account_id, app_id) FROM stdin;
\.


--
-- Data for Name: users_userprofile; Type: TABLE DATA; Schema: public; Owner: postgres
--

COPY public.users_userprofile (id, default_phone_number, default_street_address1, default_street_address2, default_town_or_city, default_postcode, default_country, default_county, user_id) FROM stdin;
1	\N	\N	\N	\N	\N	\N	\N	1
2	\N	\N	\N	\N	\N	\N	\N	2
\.


--
-- Name: account_emailaddress_id_seq; Type: SEQUENCE SET; Schema: public; Owner: postgres
--

SELECT pg_catalog.setval('public.account_emailaddress_id_seq', 1, true);


--
-- Name: account_emailconfirmation_id_seq; Type: SEQUENCE SET; Schema: public; Owner: postgres
--

SELECT pg_catalog.setval('public.account_emailconfirmation_id_seq', 1, false);


--
-- Name: auth_group_id_seq; Type: SEQUENCE SET; Schema: public; Owner: postgres
--

SELECT pg_catalog.setval('public.auth_group_id_seq', 1, false);


--
-- Name: auth_group_permissions_id_seq; Type: SEQUENCE SET; Schema: public; Owner: postgres
--

SELECT pg_catalog.setval('public.auth_group_permissions_id_seq', 1, false);


--
-- Name: auth_permission_id_seq; Type: SEQUENCE SET; Schema: public; Owner: postgres
--

SELECT pg_catalog.setval('public.auth_permission_id_seq', 68, true);


--
-- Name: auth_user_groups_id_seq; Type: SEQUENCE SET; Schema: public; Owner: postgres
--

SELECT pg_catalog.setval('public.auth_user_groups_id_seq', 1, false);


--
-- Name: auth_user_id_seq; Type: SEQUENCE SET; Schema: public; Owner: postgres
--

SELECT pg_catalog.setval('public.auth_user_id_seq', 2, true);


--
-- Name: auth_user_user_permissions_id_seq; Type: SEQUENCE SET; Schema: public; Owner: postgres
--

SELECT pg_catalog.setval('public.auth_user_user_permissions_id_seq', 1, false);


--
-- Name: django_admin_log_id_seq; Type: SEQUENCE SET; Schema: public; Owner: postgres
--

SELECT pg_catalog.setval('public.django_admin_log_id_seq', 84, true);


--
-- Name: django_content_type_id_seq; Type: SEQUENCE SET; Schema: public; Owner: postgres
--

SELECT pg_catalog.setval('public.django_content_type_id_seq', 17, true);


--
-- Name: django_migrations_id_seq; Type: SEQUENCE SET; Schema: public; Owner: postgres
--

SELECT pg_catalog.setval('public.django_migrations_id_seq', 46, true);


--
-- Name: django_site_id_seq; Type: SEQUENCE SET; Schema: public; Owner: postgres
--

SELECT pg_catalog.setval('public.django_site_id_seq', 1, true);


--
-- Name: products_category_id_seq; Type: SEQUENCE SET; Schema: public; Owner: postgres
--

SELECT pg_catalog.setval('public.products_category_id_seq', 6, true);


--
-- Name: products_product_id_seq; Type: SEQUENCE SET; Schema: public; Owner: postgres
--

SELECT pg_catalog.setval('public.products_product_id_seq', 46, true);


--
-- Name: socialaccount_socialaccount_id_seq; Type: SEQUENCE SET; Schema: public; Owner: postgres
--

SELECT pg_catalog.setval('public.socialaccount_socialaccount_id_seq', 1, false);


--
-- Name: socialaccount_socialapp_id_seq; Type: SEQUENCE SET; Schema: public; Owner: postgres
--

SELECT pg_catalog.setval('public.socialaccount_socialapp_id_seq', 1, false);


--
-- Name: socialaccount_socialapp_sites_id_seq; Type: SEQUENCE SET; Schema: public; Owner: postgres
--

SELECT pg_catalog.setval('public.socialaccount_socialapp_sites_id_seq', 1, false);


--
-- Name: socialaccount_socialtoken_id_seq; Type: SEQUENCE SET; Schema: public; Owner: postgres
--

SELECT pg_catalog.setval('public.socialaccount_socialtoken_id_seq', 1, false);


--
-- Name: users_userprofile_id_seq; Type: SEQUENCE SET; Schema: public; Owner: postgres
--

SELECT pg_catalog.setval('public.users_userprofile_id_seq', 2, true);


--
-- Name: account_emailaddress account_emailaddress_pkey; Type: CONSTRAINT; Schema: public; Owner: postgres
--

ALTER TABLE ONLY public.account_emailaddress
    ADD CONSTRAINT account_emailaddress_pkey PRIMARY KEY (id);


--
-- Name: account_emailaddress account_emailaddress_user_id_email_987c8728_uniq; Type: CONSTRAINT; Schema: public; Owner: postgres
--

ALTER TABLE ONLY public.account_emailaddress
    ADD CONSTRAINT account_emailaddress_user_id_email_987c8728_uniq UNIQUE (user_id, email);


--
-- Name: account_emailconfirmation account_emailconfirmation_key_key; Type: CONSTRAINT; Schema: public; Owner: postgres
--

ALTER TABLE ONLY public.account_emailconfirmation
    ADD CONSTRAINT account_emailconfirmation_key_key UNIQUE (key);


--
-- Name: account_emailconfirmation account_emailconfirmation_pkey; Type: CONSTRAINT; Schema: public; Owner: postgres
--

ALTER TABLE ONLY public.account_emailconfirmation
    ADD CONSTRAINT account_emailconfirmation_pkey PRIMARY KEY (id);


--
-- Name: auth_group auth_group_name_key; Type: CONSTRAINT; Schema: public; Owner: postgres
--

ALTER TABLE ONLY public.auth_group
    ADD CONSTRAINT auth_group_name_key UNIQUE (name);


--
-- Name: auth_group_permissions auth_group_permissions_group_id_permission_id_0cd325b0_uniq; Type: CONSTRAINT; Schema: public; Owner: postgres
--

ALTER TABLE ONLY public.auth_group_permissions
    ADD CONSTRAINT auth_group_permissions_group_id_permission_id_0cd325b0_uniq UNIQUE (group_id, permission_id);


--
-- Name: auth_group_permissions auth_group_permissions_pkey; Type: CONSTRAINT; Schema: public; Owner: postgres
--

ALTER TABLE ONLY public.auth_group_permissions
    ADD CONSTRAINT auth_group_permissions_pkey PRIMARY KEY (id);


--
-- Name: auth_group auth_group_pkey; Type: CONSTRAINT; Schema: public; Owner: postgres
--

ALTER TABLE ONLY public.auth_group
    ADD CONSTRAINT auth_group_pkey PRIMARY KEY (id);


--
-- Name: auth_permission auth_permission_content_type_id_codename_01ab375a_uniq; Type: CONSTRAINT; Schema: public; Owner: postgres
--

ALTER TABLE ONLY public.auth_permission
    ADD CONSTRAINT auth_permission_content_type_id_codename_01ab375a_uniq UNIQUE (content_type_id, codename);


--
-- Name: auth_permission auth_permission_pkey; Type: CONSTRAINT; Schema: public; Owner: postgres
--

ALTER TABLE ONLY public.auth_permission
    ADD CONSTRAINT auth_permission_pkey PRIMARY KEY (id);


--
-- Name: auth_user_groups auth_user_groups_pkey; Type: CONSTRAINT; Schema: public; Owner: postgres
--

ALTER TABLE ONLY public.auth_user_groups
    ADD CONSTRAINT auth_user_groups_pkey PRIMARY KEY (id);


--
-- Name: auth_user_groups auth_user_groups_user_id_group_id_94350c0c_uniq; Type: CONSTRAINT; Schema: public; Owner: postgres
--

ALTER TABLE ONLY public.auth_user_groups
    ADD CONSTRAINT auth_user_groups_user_id_group_id_94350c0c_uniq UNIQUE (user_id, group_id);


--
-- Name: auth_user auth_user_pkey; Type: CONSTRAINT; Schema: public; Owner: postgres
--

ALTER TABLE ONLY public.auth_user
    ADD CONSTRAINT auth_user_pkey PRIMARY KEY (id);


--
-- Name: auth_user_user_permissions auth_user_user_permissions_pkey; Type: CONSTRAINT; Schema: public; Owner: postgres
--

ALTER TABLE ONLY public.auth_user_user_permissions
    ADD CONSTRAINT auth_user_user_permissions_pkey PRIMARY KEY (id);


--
-- Name: auth_user_user_permissions auth_user_user_permissions_user_id_permission_id_14a6b632_uniq; Type: CONSTRAINT; Schema: public; Owner: postgres
--

ALTER TABLE ONLY public.auth_user_user_permissions
    ADD CONSTRAINT auth_user_user_permissions_user_id_permission_id_14a6b632_uniq UNIQUE (user_id, permission_id);


--
-- Name: auth_user auth_user_username_key; Type: CONSTRAINT; Schema: public; Owner: postgres
--

ALTER TABLE ONLY public.auth_user
    ADD CONSTRAINT auth_user_username_key UNIQUE (username);


--
-- Name: django_admin_log django_admin_log_pkey; Type: CONSTRAINT; Schema: public; Owner: postgres
--

ALTER TABLE ONLY public.django_admin_log
    ADD CONSTRAINT django_admin_log_pkey PRIMARY KEY (id);


--
-- Name: django_content_type django_content_type_app_label_model_76bd3d3b_uniq; Type: CONSTRAINT; Schema: public; Owner: postgres
--

ALTER TABLE ONLY public.django_content_type
    ADD CONSTRAINT django_content_type_app_label_model_76bd3d3b_uniq UNIQUE (app_label, model);


--
-- Name: django_content_type django_content_type_pkey; Type: CONSTRAINT; Schema: public; Owner: postgres
--

ALTER TABLE ONLY public.django_content_type
    ADD CONSTRAINT django_content_type_pkey PRIMARY KEY (id);


--
-- Name: django_migrations django_migrations_pkey; Type: CONSTRAINT; Schema: public; Owner: postgres
--

ALTER TABLE ONLY public.django_migrations
    ADD CONSTRAINT django_migrations_pkey PRIMARY KEY (id);


--
-- Name: django_session django_session_pkey; Type: CONSTRAINT; Schema: public; Owner: postgres
--

ALTER TABLE ONLY public.django_session
    ADD CONSTRAINT django_session_pkey PRIMARY KEY (session_key);


--
-- Name: django_site django_site_domain_a2e37b91_uniq; Type: CONSTRAINT; Schema: public; Owner: postgres
--

ALTER TABLE ONLY public.django_site
    ADD CONSTRAINT django_site_domain_a2e37b91_uniq UNIQUE (domain);


--
-- Name: django_site django_site_pkey; Type: CONSTRAINT; Schema: public; Owner: postgres
--

ALTER TABLE ONLY public.django_site
    ADD CONSTRAINT django_site_pkey PRIMARY KEY (id);


--
-- Name: products_category products_category_name_key; Type: CONSTRAINT; Schema: public; Owner: postgres
--

ALTER TABLE ONLY public.products_category
    ADD CONSTRAINT products_category_name_key UNIQUE (name);


--
-- Name: products_category products_category_pkey; Type: CONSTRAINT; Schema: public; Owner: postgres
--

ALTER TABLE ONLY public.products_category
    ADD CONSTRAINT products_category_pkey PRIMARY KEY (id);


--
-- Name: products_product products_product_pkey; Type: CONSTRAINT; Schema: public; Owner: postgres
--

ALTER TABLE ONLY public.products_product
    ADD CONSTRAINT products_product_pkey PRIMARY KEY (id);


--
-- Name: socialaccount_socialaccount socialaccount_socialaccount_pkey; Type: CONSTRAINT; Schema: public; Owner: postgres
--

ALTER TABLE ONLY public.socialaccount_socialaccount
    ADD CONSTRAINT socialaccount_socialaccount_pkey PRIMARY KEY (id);


--
-- Name: socialaccount_socialaccount socialaccount_socialaccount_provider_uid_fc810c6e_uniq; Type: CONSTRAINT; Schema: public; Owner: postgres
--

ALTER TABLE ONLY public.socialaccount_socialaccount
    ADD CONSTRAINT socialaccount_socialaccount_provider_uid_fc810c6e_uniq UNIQUE (provider, uid);


--
-- Name: socialaccount_socialapp_sites socialaccount_socialapp__socialapp_id_site_id_71a9a768_uniq; Type: CONSTRAINT; Schema: public; Owner: postgres
--

ALTER TABLE ONLY public.socialaccount_socialapp_sites
    ADD CONSTRAINT socialaccount_socialapp__socialapp_id_site_id_71a9a768_uniq UNIQUE (socialapp_id, site_id);


--
-- Name: socialaccount_socialapp socialaccount_socialapp_pkey; Type: CONSTRAINT; Schema: public; Owner: postgres
--

ALTER TABLE ONLY public.socialaccount_socialapp
    ADD CONSTRAINT socialaccount_socialapp_pkey PRIMARY KEY (id);


--
-- Name: socialaccount_socialapp_sites socialaccount_socialapp_sites_pkey; Type: CONSTRAINT; Schema: public; Owner: postgres
--

ALTER TABLE ONLY public.socialaccount_socialapp_sites
    ADD CONSTRAINT socialaccount_socialapp_sites_pkey PRIMARY KEY (id);


--
-- Name: socialaccount_socialtoken socialaccount_socialtoken_app_id_account_id_fca4e0ac_uniq; Type: CONSTRAINT; Schema: public; Owner: postgres
--

ALTER TABLE ONLY public.socialaccount_socialtoken
    ADD CONSTRAINT socialaccount_socialtoken_app_id_account_id_fca4e0ac_uniq UNIQUE (app_id, account_id);


--
-- Name: socialaccount_socialtoken socialaccount_socialtoken_pkey; Type: CONSTRAINT; Schema: public; Owner: postgres
--

ALTER TABLE ONLY public.socialaccount_socialtoken
    ADD CONSTRAINT socialaccount_socialtoken_pkey PRIMARY KEY (id);


--
-- Name: users_userprofile users_userprofile_pkey; Type: CONSTRAINT; Schema: public; Owner: postgres
--

ALTER TABLE ONLY public.users_userprofile
    ADD CONSTRAINT users_userprofile_pkey PRIMARY KEY (id);


--
-- Name: users_userprofile users_userprofile_user_id_key; Type: CONSTRAINT; Schema: public; Owner: postgres
--

ALTER TABLE ONLY public.users_userprofile
    ADD CONSTRAINT users_userprofile_user_id_key UNIQUE (user_id);


--
-- Name: account_emailaddress_email_03be32b2; Type: INDEX; Schema: public; Owner: postgres
--

CREATE INDEX account_emailaddress_email_03be32b2 ON public.account_emailaddress USING btree (email);


--
-- Name: account_emailaddress_email_03be32b2_like; Type: INDEX; Schema: public; Owner: postgres
--

CREATE INDEX account_emailaddress_email_03be32b2_like ON public.account_emailaddress USING btree (email varchar_pattern_ops);


--
-- Name: account_emailaddress_user_id_2c513194; Type: INDEX; Schema: public; Owner: postgres
--

CREATE INDEX account_emailaddress_user_id_2c513194 ON public.account_emailaddress USING btree (user_id);


--
-- Name: account_emailconfirmation_email_address_id_5b7f8c58; Type: INDEX; Schema: public; Owner: postgres
--

CREATE INDEX account_emailconfirmation_email_address_id_5b7f8c58 ON public.account_emailconfirmation USING btree (email_address_id);


--
-- Name: account_emailconfirmation_key_f43612bd_like; Type: INDEX; Schema: public; Owner: postgres
--

CREATE INDEX account_emailconfirmation_key_f43612bd_like ON public.account_emailconfirmation USING btree (key varchar_pattern_ops);


--
-- Name: auth_group_name_a6ea08ec_like; Type: INDEX; Schema: public; Owner: postgres
--

CREATE INDEX auth_group_name_a6ea08ec_like ON public.auth_group USING btree (name varchar_pattern_ops);


--
-- Name: auth_group_permissions_group_id_b120cbf9; Type: INDEX; Schema: public; Owner: postgres
--

CREATE INDEX auth_group_permissions_group_id_b120cbf9 ON public.auth_group_permissions USING btree (group_id);


--
-- Name: auth_group_permissions_permission_id_84c5c92e; Type: INDEX; Schema: public; Owner: postgres
--

CREATE INDEX auth_group_permissions_permission_id_84c5c92e ON public.auth_group_permissions USING btree (permission_id);


--
-- Name: auth_permission_content_type_id_2f476e4b; Type: INDEX; Schema: public; Owner: postgres
--

CREATE INDEX auth_permission_content_type_id_2f476e4b ON public.auth_permission USING btree (content_type_id);


--
-- Name: auth_user_groups_group_id_97559544; Type: INDEX; Schema: public; Owner: postgres
--

CREATE INDEX auth_user_groups_group_id_97559544 ON public.auth_user_groups USING btree (group_id);


--
-- Name: auth_user_groups_user_id_6a12ed8b; Type: INDEX; Schema: public; Owner: postgres
--

CREATE INDEX auth_user_groups_user_id_6a12ed8b ON public.auth_user_groups USING btree (user_id);


--
-- Name: auth_user_user_permissions_permission_id_1fbb5f2c; Type: INDEX; Schema: public; Owner: postgres
--

CREATE INDEX auth_user_user_permissions_permission_id_1fbb5f2c ON public.auth_user_user_permissions USING btree (permission_id);


--
-- Name: auth_user_user_permissions_user_id_a95ead1b; Type: INDEX; Schema: public; Owner: postgres
--

CREATE INDEX auth_user_user_permissions_user_id_a95ead1b ON public.auth_user_user_permissions USING btree (user_id);


--
-- Name: auth_user_username_6821ab7c_like; Type: INDEX; Schema: public; Owner: postgres
--

CREATE INDEX auth_user_username_6821ab7c_like ON public.auth_user USING btree (username varchar_pattern_ops);


--
-- Name: django_admin_log_content_type_id_c4bce8eb; Type: INDEX; Schema: public; Owner: postgres
--

CREATE INDEX django_admin_log_content_type_id_c4bce8eb ON public.django_admin_log USING btree (content_type_id);


--
-- Name: django_admin_log_user_id_c564eba6; Type: INDEX; Schema: public; Owner: postgres
--

CREATE INDEX django_admin_log_user_id_c564eba6 ON public.django_admin_log USING btree (user_id);


--
-- Name: django_session_expire_date_a5c62663; Type: INDEX; Schema: public; Owner: postgres
--

CREATE INDEX django_session_expire_date_a5c62663 ON public.django_session USING btree (expire_date);


--
-- Name: django_session_session_key_c0390e0f_like; Type: INDEX; Schema: public; Owner: postgres
--

CREATE INDEX django_session_session_key_c0390e0f_like ON public.django_session USING btree (session_key varchar_pattern_ops);


--
-- Name: django_site_domain_a2e37b91_like; Type: INDEX; Schema: public; Owner: postgres
--

CREATE INDEX django_site_domain_a2e37b91_like ON public.django_site USING btree (domain varchar_pattern_ops);


--
-- Name: products_category_name_0ecfb368_like; Type: INDEX; Schema: public; Owner: postgres
--

CREATE INDEX products_category_name_0ecfb368_like ON public.products_category USING btree (name varchar_pattern_ops);


--
-- Name: products_product_category_id_9b594869; Type: INDEX; Schema: public; Owner: postgres
--

CREATE INDEX products_product_category_id_9b594869 ON public.products_product USING btree (category_id);


--
-- Name: socialaccount_socialaccount_user_id_8146e70c; Type: INDEX; Schema: public; Owner: postgres
--

CREATE INDEX socialaccount_socialaccount_user_id_8146e70c ON public.socialaccount_socialaccount USING btree (user_id);


--
-- Name: socialaccount_socialapp_sites_site_id_2579dee5; Type: INDEX; Schema: public; Owner: postgres
--

CREATE INDEX socialaccount_socialapp_sites_site_id_2579dee5 ON public.socialaccount_socialapp_sites USING btree (site_id);


--
-- Name: socialaccount_socialapp_sites_socialapp_id_97fb6e7d; Type: INDEX; Schema: public; Owner: postgres
--

CREATE INDEX socialaccount_socialapp_sites_socialapp_id_97fb6e7d ON public.socialaccount_socialapp_sites USING btree (socialapp_id);


--
-- Name: socialaccount_socialtoken_account_id_951f210e; Type: INDEX; Schema: public; Owner: postgres
--

CREATE INDEX socialaccount_socialtoken_account_id_951f210e ON public.socialaccount_socialtoken USING btree (account_id);


--
-- Name: socialaccount_socialtoken_app_id_636a42d7; Type: INDEX; Schema: public; Owner: postgres
--

CREATE INDEX socialaccount_socialtoken_app_id_636a42d7 ON public.socialaccount_socialtoken USING btree (app_id);


--
-- Name: unique_primary_email; Type: INDEX; Schema: public; Owner: postgres
--

CREATE UNIQUE INDEX unique_primary_email ON public.account_emailaddress USING btree (user_id, "primary") WHERE "primary";


--
-- Name: unique_verified_email; Type: INDEX; Schema: public; Owner: postgres
--

CREATE UNIQUE INDEX unique_verified_email ON public.account_emailaddress USING btree (email) WHERE verified;


--
-- Name: account_emailaddress account_emailaddress_user_id_2c513194_fk_auth_user_id; Type: FK CONSTRAINT; Schema: public; Owner: postgres
--

ALTER TABLE ONLY public.account_emailaddress
    ADD CONSTRAINT account_emailaddress_user_id_2c513194_fk_auth_user_id FOREIGN KEY (user_id) REFERENCES public.auth_user(id) DEFERRABLE INITIALLY DEFERRED;


--
-- Name: account_emailconfirmation account_emailconfirm_email_address_id_5b7f8c58_fk_account_e; Type: FK CONSTRAINT; Schema: public; Owner: postgres
--

ALTER TABLE ONLY public.account_emailconfirmation
    ADD CONSTRAINT account_emailconfirm_email_address_id_5b7f8c58_fk_account_e FOREIGN KEY (email_address_id) REFERENCES public.account_emailaddress(id) DEFERRABLE INITIALLY DEFERRED;


--
-- Name: auth_group_permissions auth_group_permissio_permission_id_84c5c92e_fk_auth_perm; Type: FK CONSTRAINT; Schema: public; Owner: postgres
--

ALTER TABLE ONLY public.auth_group_permissions
    ADD CONSTRAINT auth_group_permissio_permission_id_84c5c92e_fk_auth_perm FOREIGN KEY (permission_id) REFERENCES public.auth_permission(id) DEFERRABLE INITIALLY DEFERRED;


--
-- Name: auth_group_permissions auth_group_permissions_group_id_b120cbf9_fk_auth_group_id; Type: FK CONSTRAINT; Schema: public; Owner: postgres
--

ALTER TABLE ONLY public.auth_group_permissions
    ADD CONSTRAINT auth_group_permissions_group_id_b120cbf9_fk_auth_group_id FOREIGN KEY (group_id) REFERENCES public.auth_group(id) DEFERRABLE INITIALLY DEFERRED;


--
-- Name: auth_permission auth_permission_content_type_id_2f476e4b_fk_django_co; Type: FK CONSTRAINT; Schema: public; Owner: postgres
--

ALTER TABLE ONLY public.auth_permission
    ADD CONSTRAINT auth_permission_content_type_id_2f476e4b_fk_django_co FOREIGN KEY (content_type_id) REFERENCES public.django_content_type(id) DEFERRABLE INITIALLY DEFERRED;


--
-- Name: auth_user_groups auth_user_groups_group_id_97559544_fk_auth_group_id; Type: FK CONSTRAINT; Schema: public; Owner: postgres
--

ALTER TABLE ONLY public.auth_user_groups
    ADD CONSTRAINT auth_user_groups_group_id_97559544_fk_auth_group_id FOREIGN KEY (group_id) REFERENCES public.auth_group(id) DEFERRABLE INITIALLY DEFERRED;


--
-- Name: auth_user_groups auth_user_groups_user_id_6a12ed8b_fk_auth_user_id; Type: FK CONSTRAINT; Schema: public; Owner: postgres
--

ALTER TABLE ONLY public.auth_user_groups
    ADD CONSTRAINT auth_user_groups_user_id_6a12ed8b_fk_auth_user_id FOREIGN KEY (user_id) REFERENCES public.auth_user(id) DEFERRABLE INITIALLY DEFERRED;


--
-- Name: auth_user_user_permissions auth_user_user_permi_permission_id_1fbb5f2c_fk_auth_perm; Type: FK CONSTRAINT; Schema: public; Owner: postgres
--

ALTER TABLE ONLY public.auth_user_user_permissions
    ADD CONSTRAINT auth_user_user_permi_permission_id_1fbb5f2c_fk_auth_perm FOREIGN KEY (permission_id) REFERENCES public.auth_permission(id) DEFERRABLE INITIALLY DEFERRED;


--
-- Name: auth_user_user_permissions auth_user_user_permissions_user_id_a95ead1b_fk_auth_user_id; Type: FK CONSTRAINT; Schema: public; Owner: postgres
--

ALTER TABLE ONLY public.auth_user_user_permissions
    ADD CONSTRAINT auth_user_user_permissions_user_id_a95ead1b_fk_auth_user_id FOREIGN KEY (user_id) REFERENCES public.auth_user(id) DEFERRABLE INITIALLY DEFERRED;


--
-- Name: django_admin_log django_admin_log_content_type_id_c4bce8eb_fk_django_co; Type: FK CONSTRAINT; Schema: public; Owner: postgres
--

ALTER TABLE ONLY public.django_admin_log
    ADD CONSTRAINT django_admin_log_content_type_id_c4bce8eb_fk_django_co FOREIGN KEY (content_type_id) REFERENCES public.django_content_type(id) DEFERRABLE INITIALLY DEFERRED;


--
-- Name: django_admin_log django_admin_log_user_id_c564eba6_fk_auth_user_id; Type: FK CONSTRAINT; Schema: public; Owner: postgres
--

ALTER TABLE ONLY public.django_admin_log
    ADD CONSTRAINT django_admin_log_user_id_c564eba6_fk_auth_user_id FOREIGN KEY (user_id) REFERENCES public.auth_user(id) DEFERRABLE INITIALLY DEFERRED;


--
-- Name: products_product products_product_category_id_9b594869_fk_products_category_id; Type: FK CONSTRAINT; Schema: public; Owner: postgres
--

ALTER TABLE ONLY public.products_product
    ADD CONSTRAINT products_product_category_id_9b594869_fk_products_category_id FOREIGN KEY (category_id) REFERENCES public.products_category(id) DEFERRABLE INITIALLY DEFERRED;


--
-- Name: socialaccount_socialtoken socialaccount_social_account_id_951f210e_fk_socialacc; Type: FK CONSTRAINT; Schema: public; Owner: postgres
--

ALTER TABLE ONLY public.socialaccount_socialtoken
    ADD CONSTRAINT socialaccount_social_account_id_951f210e_fk_socialacc FOREIGN KEY (account_id) REFERENCES public.socialaccount_socialaccount(id) DEFERRABLE INITIALLY DEFERRED;


--
-- Name: socialaccount_socialtoken socialaccount_social_app_id_636a42d7_fk_socialacc; Type: FK CONSTRAINT; Schema: public; Owner: postgres
--

ALTER TABLE ONLY public.socialaccount_socialtoken
    ADD CONSTRAINT socialaccount_social_app_id_636a42d7_fk_socialacc FOREIGN KEY (app_id) REFERENCES public.socialaccount_socialapp(id) DEFERRABLE INITIALLY DEFERRED;


--
-- Name: socialaccount_socialapp_sites socialaccount_social_site_id_2579dee5_fk_django_si; Type: FK CONSTRAINT; Schema: public; Owner: postgres
--

ALTER TABLE ONLY public.socialaccount_socialapp_sites
    ADD CONSTRAINT socialaccount_social_site_id_2579dee5_fk_django_si FOREIGN KEY (site_id) REFERENCES public.django_site(id) DEFERRABLE INITIALLY DEFERRED;


--
-- Name: socialaccount_socialapp_sites socialaccount_social_socialapp_id_97fb6e7d_fk_socialacc; Type: FK CONSTRAINT; Schema: public; Owner: postgres
--

ALTER TABLE ONLY public.socialaccount_socialapp_sites
    ADD CONSTRAINT socialaccount_social_socialapp_id_97fb6e7d_fk_socialacc FOREIGN KEY (socialapp_id) REFERENCES public.socialaccount_socialapp(id) DEFERRABLE INITIALLY DEFERRED;


--
-- Name: socialaccount_socialaccount socialaccount_socialaccount_user_id_8146e70c_fk_auth_user_id; Type: FK CONSTRAINT; Schema: public; Owner: postgres
--

ALTER TABLE ONLY public.socialaccount_socialaccount
    ADD CONSTRAINT socialaccount_socialaccount_user_id_8146e70c_fk_auth_user_id FOREIGN KEY (user_id) REFERENCES public.auth_user(id) DEFERRABLE INITIALLY DEFERRED;


--
-- Name: users_userprofile users_userprofile_user_id_87251ef1_fk_auth_user_id; Type: FK CONSTRAINT; Schema: public; Owner: postgres
--

ALTER TABLE ONLY public.users_userprofile
    ADD CONSTRAINT users_userprofile_user_id_87251ef1_fk_auth_user_id FOREIGN KEY (user_id) REFERENCES public.auth_user(id) DEFERRABLE INITIALLY DEFERRED;


--
-- PostgreSQL database dump complete
--

